<?xml version="1.0" encoding="utf-8"?>
<feed xmlns="http://www.w3.org/2005/Atom">

  <title><![CDATA[Seer's]]></title>
  <link href="http://blog.0x08.net/atom.xml" rel="self"/>
  <link href="http://blog.0x08.net/"/>
<<<<<<< HEAD
<<<<<<< HEAD
  <updated>2014-03-11T16:50:36+08:00</updated>
=======
  <updated>2014-03-12T02:18:07+08:00</updated>
>>>>>>> 9f937eacdb8d2237d3118419bd31b32e19460033
=======
  <updated>2014-03-12T09:24:31+08:00</updated>
>>>>>>> 31ffd9772f0ffd102a9451f5089af729c7c61e11
  <id>http://blog.0x08.net/</id>
  <author>
    <name><![CDATA[Seer]]></name>
    
  </author>
  <generator uri="http://octopress.org/">Octopress</generator>

  
  <entry>
<<<<<<< HEAD
    <title type="html"><![CDATA[First paper]]></title>
    <link href="http://blog.0x08.net/blog/2014/03/11/first-paper/"/>
    <updated>2014-03-11T02:03:24+08:00</updated>
    <id>http://blog.0x08.net/blog/2014/03/11/first-paper</id>
    <content type="html"><![CDATA[<p>自从手贱Drop掉了自己博客的Database之后，再也不敢不备份数据了&hellip;不过这下也省去不少麻烦，至少不会手贱Drop掉 Github 的Database了 :）</p>
=======
    <title type="html"><![CDATA[Linux进程控制系统调用]]></title>
    <link href="http://blog.0x08.net/blog/2014/03/12/linuxjin-cheng-kong-zhi-xi-tong-diao-yong/"/>
    <updated>2014-03-12T02:00:44+08:00</updated>
    <id>http://blog.0x08.net/blog/2014/03/12/linuxjin-cheng-kong-zhi-xi-tong-diao-yong</id>
    <content type="html"><![CDATA[<figure class='code'><figcaption><span></span></figcaption><div class="highlight"><table><tr><td class="gutter"><pre class="line-numbers"><span class='line-number'>1</span>
<span class='line-number'>2</span>
<span class='line-number'>3</span>
<span class='line-number'>4</span>
<span class='line-number'>5</span>
<span class='line-number'>6</span>
<span class='line-number'>7</span>
<span class='line-number'>8</span>
<span class='line-number'>9</span>
<span class='line-number'>10</span>
<span class='line-number'>11</span>
<span class='line-number'>12</span>
<span class='line-number'>13</span>
<span class='line-number'>14</span>
<span class='line-number'>15</span>
<span class='line-number'>16</span>
<span class='line-number'>17</span>
<span class='line-number'>18</span>
<span class='line-number'>19</span>
<span class='line-number'>20</span>
<span class='line-number'>21</span>
<span class='line-number'>22</span>
</pre></td><td class='code'><pre><code class='c'><span class='line'><span class="cp">#include &lt;stdio.h&gt;</span>
</span><span class='line'><span class="cp">#include &lt;stdlib.h&gt;</span>
</span><span class='line'>
</span><span class='line'><span class="kt">int</span> <span class="nf">main</span><span class="p">(</span><span class="kt">void</span><span class="p">){</span>
</span><span class='line'>
</span><span class='line'>  <span class="n">pid_t</span> <span class="n">pid</span><span class="p">;</span>
</span><span class='line'>
</span><span class='line'>  <span class="n">printf</span><span class="p">(</span><span class="s">&quot;Original process: PID = %d,PPID = %d </span><span class="se">\n</span><span class="s">&quot;</span><span class="p">,</span><span class="n">getpid</span><span class="p">(),</span><span class="n">getppid</span><span class="p">());</span>
</span><span class='line'>  <span class="n">pid</span> <span class="o">=</span> <span class="n">fork</span><span class="p">();</span>
</span><span class='line'>
</span><span class='line'>  <span class="k">if</span><span class="p">(</span> <span class="n">pid</span> <span class="o">==-</span><span class="mi">1</span> <span class="p">)</span> <span class="p">{</span> <span class="n">perror</span><span class="p">(</span><span class="s">&quot;fork&quot;</span><span class="p">);</span>    <span class="n">exit</span><span class="p">(</span><span class="mi">1</span><span class="p">);</span> <span class="p">}</span>
</span><span class='line'>  
</span><span class='line'>  <span class="k">if</span><span class="p">(</span> <span class="n">pid</span> <span class="o">!=</span> <span class="mi">0</span> <span class="p">)</span>
</span><span class='line'>      <span class="n">printf</span><span class="p">(</span><span class="s">&quot; Parent process: PID = %d, PPID = %d, CPID = %d </span><span class="se">\n</span><span class="s">  &quot;</span><span class="p">,</span> <span class="n">getpid</span><span class="p">(),</span> <span class="n">getppid</span><span class="p">(),</span> <span class="n">pid</span><span class="p">);</span>
</span><span class='line'>  
</span><span class='line'>  <span class="k">else</span> <span class="p">{</span>
</span><span class='line'>      <span class="n">sleep</span><span class="p">(</span><span class="mi">2</span><span class="p">);</span>
</span><span class='line'>      <span class="n">printf</span><span class="p">(</span><span class="s">&quot; Child process :PID = %d, PPID = %d, </span><span class="se">\n</span><span class="s"> &quot;</span><span class="p">,</span><span class="n">getpid</span><span class="p">(),</span> <span class="n">getppid</span><span class="p">());</span>
</span><span class='line'>  <span class="p">}</span>
</span><span class='line'>
</span><span class='line'>  <span class="n">printf</span> <span class="p">(</span><span class="s">&quot; Process with PID = %d terminates </span><span class="se">\n</span><span class="s"> &quot;</span><span class="p">,</span><span class="n">getpid</span><span class="p">()</span> <span class="p">);</span>
</span><span class='line'><span class="p">}</span>
</span></code></pre></td></tr></table></div></figure>



]]></content>
  </entry>
  
  <entry>
    <title type="html"><![CDATA[新的开始]]></title>
    <link href="http://blog.0x08.net/blog/2014/03/11/first-paper/"/>
    <updated>2014-03-11T02:03:24+08:00</updated>
    <id>http://blog.0x08.net/blog/2014/03/11/first-paper</id>
    <content type="html"><![CDATA[<p>前天把博客数据库Drop掉，甚是心痛，实在不知道我当时怎么想得，居然这样去命名&hellip;..</p>

<p><img src="http://wenwen.soso.com/p/20110331/20110331151831-394079716.jpg"></p>

<p>手贱Drop Database 之后，我就转移到这吧。从此『妈妈再也不用担心我没有备份数据库了』</p>

<p>其实我还是挺怀念之前的博客的，记录了我点点滴滴,还有那一篇篇烂尾的文章各种private的笔记和那整理到一半的bctf思路&hellip;&hellip;</p>

<hr />

<p>  好吧，往事不堪回首，大侠还是要重新来过，这里，会是一个新的开始。</p>

<hr />
>>>>>>> 9f937eacdb8d2237d3118419bd31b32e19460033
]]></content>
  </entry>
  
</feed>
