---
layout: nil
---
<?xml version="1.0" encoding="utf-8"?>
<feed xmlns="http://www.w3.org/2005/Atom">

  <title><![CDATA[{% if site.titlecase %}{{ page.title | titlecase | cdata_escape }}{% else %}{{ page.title | cdata_escape }}{% endif %} | {{ site.title | cdata_escape }}]]></title>
  <link href="{{ site.url }}/{{ page.feed_url }}" rel="self"/>
  <link href="{{ site.url }}/"/>
  <updated>{{ site.time | date_to_xmlschema }}</updated>
  <id>{{ site.url }}/</id>
  <author>
    <name><![CDATA[{{ site.author | strip_html }}]]></name>
    {% if site.email %}<email><![CDATA[{{ site.email }}]]></email>{% endif %}
  </author>
  <generator uri="http://octopress.org/">Octopress</generator>

  {% for post in site.categories[page.category] limit: 5 %}
  <entry>
    <title type="html"><![CDATA[{% if site.titlecase %}{{ post.title | titlecase | cdata_escape }}{% else %}{{ post.title | cdata_escape }}{% endif %}]]></title>
    <link href="{{ site.url }}{{ post.url }}"/>
    <updated>{{ post.date | date_to_xmlschema }}</updated>
    <id>{{ site.url }}{{ post.id }}</id>
    <content type="html"><![CDATA[{{ post.content | expand_urls: site.url | markdownify | cdata_escape }}]]></content>
  </entry>
  {% endfor %}
</feed>
